"1","Sabrina","Rangel II","1987-07-25","93553955317","(86) 95281-8942","(15) 98536-3649","ydarosa@example.com","2019-09-10 11:46:46","2019-09-11 11:39:05"
"2","Isabel","Zaragoça","2001-06-29","89384381209","(91) 92457-9427","(93) 93154-5977","oliveira.mariana@example.org","2019-09-10 11:46:46","2019-09-10 11:46:46"
"3","Joaquin","Camacho","1995-03-05","54446847058","(99) 95535-3834","(35) 96506-1555","martinho.soto@example.org","2019-09-10 11:46:46","2019-09-10 11:46:46"
"4","Madalena","Dias","1999-05-02","54254687257","(13) 98193-2641","(67) 3545-5850","david.dasneves@example.org","2019-09-10 11:46:46","2019-09-10 11:46:46"
"5","Fátima","Verdara","1971-01-06","17101478069","(31) 95593-7826","(69) 91597-6083","melissa48@example.org","2019-09-10 11:46:46","2019-09-10 11:46:46"
"6","Luara","Rezende","1983-12-03","64598606703","(49) 92933-0026","(84) 91414-0958","fernandes.francisco@example.org","2019-09-10 11:46:46","2019-09-10 11:46:46"
"7","Regina","Meireles","1976-03-09","69612644926","(96) 98327-7954","(33) 91897-1827","creis@example.com","2019-09-10 11:46:46","2019-09-10 11:46:46"
"8","Ketlin","Corona","1982-04-23","74098751941","(86) 96461-5550","(38) 3423-5244","sales.valeria@example.net","2019-09-10 11:46:46","2019-09-10 11:46:46"
"9","Bianca","Mendes","1986-06-25","23005839842","(91) 93119-6184","(15) 95689-6169","ivan19@example.com","2019-09-10 11:46:46","2019-09-10 11:46:46"
"11","Elias","Burgos","1973-07-21","70447671928","(93) 92770-7644","(93) 91931-0216","saraiva.elias@example.net","2019-09-10 12:16:17","2019-09-10 12:16:17"
"12","Pablo","Saraiva","1986-04-05","01786507579","(83) 94196-1717","(35) 2001-4392","teobaldo13@example.net","2019-09-10 12:16:17","2019-09-10 12:16:17"
"13","Lucas","Salas","1989-03-03","92905656670","(14) 98550-2119","(54) 4758-7834","estevao.fernandes@example.net","2019-09-10 12:16:17","2019-09-10 12:16:17"
"14","Ricardo","Uchoa","1996-07-24","10000304662","(75) 94222-8836","(14) 91513-1760","samanta24@example.com","2019-09-10 12:16:17","2019-09-10 12:16:17"
"15","Melissa","Furtado","1980-03-25","78542874226","(62) 98019-1327","(91) 4748-0593","rebeca72@example.net","2019-09-10 12:16:17","2019-09-10 12:16:17"
"16","Renata","Martines","1985-06-18","09119388772","(19) 92945-9875","(27) 98093-7286","joana.rangel@example.org","2019-09-10 12:16:17","2019-09-10 12:16:17"
"18","Rafaela","Rocha","1980-02-20","44922375422","(65) 91593-1242","(93) 95548-4278","fcarmona@example.com","2019-09-10 12:16:18","2019-09-10 12:16:18"
"19","Jorge","Quintana","1973-09-08","30737665106","(62) 95458-7353","(61) 94200-6432","luciano58@example.com","2019-09-10 12:16:18","2019-09-10 12:16:18"
"20","Alan","Paz","1998-04-08","08739979725","(66) 99805-6583","(32) 3735-3343","amelia50@example.org","2019-09-10 12:16:18","2019-09-10 12:16:18"
"21","Luciano","Furtado II","1996-10-24","61704929709","(67) 97204-5550","(63) 3702-0450","isabella.garcia@example.com","2019-09-10 12:17:04","2019-09-11 20:05:31"
"22","Guilherme","Fontes","1997-11-10","48234423002","(77) 97175-5510","(85) 98929-0993","jacomo88@example.org","2019-09-10 12:17:05","2019-09-10 12:17:05"
"23","Santiago","Pedrosa","1989-12-24","22586897323","(12) 93139-7589","(61) 3489-4703","delatorre.antonieta@example.net","2019-09-10 12:17:05","2019-09-10 12:17:05"
"24","Franco","Ávila","1997-01-12","83150189306","(45) 96592-1795","(85) 90952-1070","montenegro.alexa@example.com","2019-09-10 12:17:05","2019-09-10 12:17:05"
"25","Luna","Pacheco","1970-06-27","93548695132","(31) 92637-0888","(33) 97877-6039","abarros@example.org","2019-09-10 12:17:05","2019-09-10 12:17:05"
"26","Henrique","Maia","2001-06-08","20988225700","(28) 95319-8204","(92) 3141-1723","feliciano.maximiano@example.org","2019-09-10 12:17:05","2019-09-10 12:17:05"
"27","Thales","Benites","1985-05-18","45402211167","(53) 98126-1710","(34) 4842-2309","vicente.meireles@example.net","2019-09-10 12:17:05","2019-09-10 12:17:05"
"28","Constância","Santiago","1986-05-30","05953024088","(77) 93629-3948","(22) 2536-3378","zcruz@example.org","2019-09-10 12:17:05","2019-09-10 12:17:05"
"30","u6utyjuyu","Rangel II","1974-09-17","56848305014","99999999999",NULL,"jyryjyj@dsgerg.cpom","2019-09-11 20:17:49","2019-09-11 20:17:49"
"32","ffffff","Rangel II","1964-09-11","87410321016","344454564534325",NULL,"lucassouza.ti@gmail.com","2019-09-11 22:14:58","2019-09-11 22:14:58"
